1587580105	9147df0
1587488249	bbbb0f3
1587407415	0a74f08
1587317122	498c34f
1587240058	aae7a6e
1587232084	d3a8994
1587147988	2191625
1587061706	b08d474
1587061449	86e9f03
1587045539	4f72feb
1586984947	0edd186
1586978026	6c9e995
1586972728	165e694
1586898798	b2104e2
1586893579	8e4627d
1586814907	1dc35df
1586801040	aa9a8fa
1586730167	d34e6aa
1586641006	8542fbf
1586554899	3fdd59a
1586467906	e1f1d9a
1586383413	e19db28
1586298958	5549596
1586296357	70904c3
1586210754	8cb25d6
1586122200	98a7fd1
1586039546	0ae531d
1585957500	a65700c
1585954616	0074809
1585952127	24fab60
1585915792	10efdd3
1585865346	8562fab
1585776660	dd2010c
1585767536	0fbbd5c
1585758956	097cbd7
1585698912	6968ca6
1585689692	6f51a1f
1585661156	8460dd7
1585349023	3d7bdf5
1585348644	6c3565c
1585346600	a3dded4
1585334225	882febe
1585333488	7521ac1
1585321666	56304a3
1585320946	22b0814
1585317831	70ca082
1585314770	edba00f
1585314067	d8df318
1585312982	603c503
1585310562	6c7da08
1585264236	6e261a6
1585262078	20c11ca
1585261181	2d90af0
1585261006	0579b5b
1585259123	3d1a851
1585258906	f650345
1585241827	0b2ccbc
1585239180	b4c8886
1585237272	bd5f0dc
1585236809	5aab389
1585236401	db6cdaf